Municipio,Arbol,Cantidad
Gómez Plata,Nance,9
Cisneros,Jacarandá,5
Guadalupe,Cuerno de alce,13
San Francisco,Nogal,64
Cocorná,Pardillo,57
San Vicente,Granadillo,88
El Bagre,Cedro,96
Necoclí,Páramo,67
Liborina,Cafeto,19
Envigado,Ficus,15
El Santuario,Pardillo,62
Anorí,Cuerno de alce,3
Guarne,Cafeto,52
El Peñol,Papaya,15
Itagüí,Papaya,20
Toledo,Pardillo,85
Santa Rosa de Osos,Ceiba,3
Valdivia,Roble,90
Yalí,Bambú,73
San Juan de Urabá,Arrayán,35
Jardín,Guacharaco,6
Jericó,Guayacán,39
Murindó,Papaya,63
Jardín,Páramo,75
Rionegro,Almendro,96
Vegachí,Eucalipto,28
La Pintada,Tamarindo,61
Andes,Caucho,95
Apartadó,Ceiba,25
Santa Fe de Antioquia,Piñuela,66
Yolombó,Castaño,16
Sabaneta,Cuerno de alce,25
Yarumal,Laurel,77
Puerto Nare,Piñuela,60
Dabeiba,Tamarindo,5
Sabaneta,Jacarandá,48
La Ceja,Nogal,83
San Jerónimo,Guanábana,6
Santo Domingo,Caucho,54
Sonsón,Cafeto,94
Campamento,Algarrobo,6
Granada,Pital,37
La Unión,Tilo,79
San Pedro de Urabá,Higuerón,36
Yolombó,Guamo,85
Zaragoza,Caucho,14
El Santuario,Guanábana,34
Belmira,Jacarandá,13
Bello,Palo blanco,41
Donmatías,Papayo,7
Campamento,Mango,13
Yalí,Higuerilla,60
El Santuario,Pital,36
Ituango,Guamo,36
Carmen de Viboral,Nogal,11
Copacabana,Caucho,49
Belmira,Nance,47
Turbo,Laurel,64
San Pedro de los Milagros,Piñuela,36
Medellín,Mango,59
Guatapé,Higuerilla,10
Santa Bárbara,Jacarandá,31
Rionegro,Higuerón,70
San Vicente,Higuerilla,82
Sonsón,Pardillo,87
Granada,Guacharaco,16
Apartadó,Bambú,47
La Unión,Eucalipto,2
Caldas,Bambú,62
Envigado,Roble,20
Caldas,Castaño,20
Urrao,Arrayán,16
Alejandría,Chingalé,2
Cisneros,Palo de agua,81
Donmatías,Cuerno de alce,52
Santa Fe de Antioquia,Bambú,85
Angostura,Cedro,12
La Unión,Guayacán,9
Rionegro,Bambú,84
Caldas,Chorisia,53
El Carmen de Viboral,Bambú,100
Sabaneta,Aguacate,1
Envigado,Jacarandá,89
Rionegro,Cilantro de monte,90
Amagá,Páramo,38
Caldas,Pardillo,68
Cáceres,Páramo,10
Nariño,Papaya,70
Yarumal,Papaya,86
Girardota,Guayacán,91
Necoclí,Papayo,32
Copacabana,Jacarandá,7
Yarumal,Ficus,10
Zaragoza,Laurel,95
Cáceres,Pino,5
Caucasia,Jacarandá,34
Granada,Aromo,17
San Carlos,Cuerno de alce,40
El Carmen de Viboral,Guacharaco,47
Ituango,Páramo,34
San Pedro de Urabá,Ceiba,85
Apartadó,Chorisia,79
San Francisco,Palma de cera,51
Turbo,Cedro,16
La Unión,Páramo,46
Dabeiba,Nogal,42
Donmatías,Nogal,55
Caldas,Granadillo,53
Necoclí,Ceiba,21
La Estrella,Pardillo,29
La Unión,Tilo,35
Sabaneta,Cilantro de monte,14
Nariño,Ficus,68
Valdivia,Tilo,23
Guatapé,Algarrobo,32
Necoclí,Palo de agua,73
Yarumal,Arrayán,33
Santo Domingo,Cascarillo,28
Apartadó,Higuerón,9
Campamento,Tilo,44
Nariño,Chagualo,30
San Roque,Cafeto,8
Rionegro,Nance,11
San Jerónimo,Laurel,4
Jardín,Aromo,97
Chigorodó,Castaño,28
San Vicente,Pardillo,56
Yalí,Bambú,97
Donmatías,Higuerilla,12
Cocorná,Tamarindo,2
San Pedro de los Milagros,Guava,95
Tarazá,Yarumo,70
Belmira,Arrayán,49
Yarumal,Guanábana,17
Chigorodó,Nogal,84
Andes,Cedro,76
Yarumal,Palo de agua,24
El Bagre,Jacarandá,2
Murindó,Bambú,44
Uramita,Cascarillo,49
Envigado,Nogal,49
Cocorná,Guamo,10
Liborina,Palo blanco,23
Murindó,Ficus,12
Amagá,Yarumo,29
Segovia,Nogal,48
Andes,Cilantro de monte,31
Amagá,Higuerón,86
Guatapé,Guacharaco,21
Caucasia,Guayacán,2
Itagüí,Pardillo,57
Yarumal,Pardillo,98
Mutatá,Caucho,62
Cisneros,Higuerón,99
San Carlos,Pardillo,1
Alejandría,Pital,17
Yarumal,Ficus,89
El Bagre,Higuerón,24
Donmatías,Palma de cera,12
Puerto Nare,Cuerno de alce,82
Sabaneta,Bambú,47
Rionegro,Guanábana,88
Concepción,Caucho,65
Guadalupe,Chorisia,9
Támesis,Pino,7
Donmatías,Cuerno de alce,28
Cisneros,Guava,39
Copacabana,Ficus,9
Abejorral,Castaño,7
Valdivia,Pital,98
Caldas,Bambú,82
Cisneros,Ceiba,69
Briceño,Chingalé,93
Andes,Pital,2
Sabaneta,Cuerno de alce,15
Carepa,Arrayán,3
Alejandría,Papayo,46
La Estrella,Laurel,55
La Estrella,Cedro,46
Concepción,Candelillo,78
Marinilla,Guacharaco,100
Nechí,Páramo,57
Sonsón,Granadillo,100
Yolombó,Guava,33
Carepa,Higuerilla,67
La Unión,Cedro,29
Liborina,Guanábana,72
Chigorodó,Chingalé,41
Jardín,Higuerilla,52
Guadalupe,Palo de agua,93
San Jerónimo,Cuerno de alce,64
Argelia,Cascarillo,70
Caldas,Nance,96
Caldas,Chingalé,29
Jericó,Chagualo,99
Vegachí,Guamo,1
San Pedro de los Milagros,Chingalé,55
Santa Fe de Antioquia,Ceiba,49
Rionegro,Arrayán,47
Envigado,Nance,58
Sabaneta,Castaño,6
Urrao,Palma de cera,79
Bello,Algarrobo,95
Puerto Nare,Cafeto,77
La Pintada,Laurel,38
Jericó,Pardillo,6
San Roque,Guanábana,62
Santa Fe de Antioquia,Aguacate,33
El Carmen de Viboral,Arrayán,72
Vigía del Fuerte,Piñuela,15
Nechí,Cuerno de alce,75
Mutatá,Granadillo,46
Alejandría,Pital,90
San Carlos,Chorisia,20
Briceño,Guamo,48
Uramita,Eucalipto,86
Envigado,Ficus,32
Dabeiba,Palo blanco,85
Urrao,Cuerno de alce,83
El Santuario,Tamarindo,49
La Unión,Nogal,60
Carmen de Viboral,Cilantro de monte,63
San Jerónimo,Ceiba,18
Turbo,Guava,42
Carepa,Yarumo,43
San Roque,Cilantro de monte,64
Barbosa,Almendro,98
Puerto Berrío,Laurel,5
Caucasia,Castaño,11
Briceño,Palo blanco,68
Vegachí,Guamo,2
Envigado,Higuerilla,24
Zaragoza,Almendro,17
Cisneros,Chagualo,58
San Pedro de los Milagros,Papaya,34
Angostura,Guanábana,12
Abejorral,Arrayán,99
Yalí,Cafeto,35
Vegachí,Almendro,21
Cisneros,Páramo,29
Vigía del Fuerte,Tilo,11
San Juan de Urabá,Algarrobo,30
Carmen de Viboral,Higuerón,47
Caldas,Arrayán,14
Medellín,Guamo,7
Caldas,Tilo,7
Yalí,Guamo,85
San Andrés de Cuerquía,Nogal,26
Yarumal,Pardillo,31
Apartadó,Higuerón,34
Valdivia,Algarrobo,55
Caldas,Pital,93
Guatapé,Candelillo,8
El Peñol,Pino,68
San Roque,Guayacán,38
Remedios,Guava,41
Bello,Aguacate,26
San Jerónimo,Candelillo,88
Liborina,Pardillo,82
Angostura,Papayo,15
Angostura,Candelillo,14
Zaragoza,Laurel,75
Puerto Nare,Jacarandá,26
Carepa,Chorisia,56
San Rafael,Aromo,86
Andes,Almendro,13
Caldas,Páramo,49
Donmatías,Yarumo,75
Anorí,Cafeto,37
Copacabana,Mango,38
Uramita,Papaya,99
Medellín,Yarumo,57
Arboletes,Guacharaco,44
Caldas,Palma de cera,62
Bello,Palma de cera,22
Jericó,Candelillo,10
Copacabana,Roble,57
Cisneros,Guacharaco,88
Cisneros,Chingalé,34
Dabeiba,Aguacate,10
Sabaneta,Pardillo,44
San Juan de Urabá,Cedro,44
Caldas,Pital,40
San Andrés de Cuerquía,Palo blanco,100
La Ceja,Tamarindo,14
Sabaneta,Papaya,56
Yolombó,Guayacán,25
Anorí,Granadillo,21
Apartadó,Pino,23
Nariño,Roble,26
Envigado,Nogal,86
Ituango,Guanábana,36
Jardín,Pino,25
Medellín,Arrayán,78
Campamento,Pino,4
La Estrella,Páramo,55
Rionegro,Chingalé,13
Sabaneta,Aguacate,6
Envigado,Nogal,82
Necoclí,Pital,34
Nariño,Cafeto,23
Arboletes,Higuerilla,61
Girardota,Aromo,68
Sonsón,Jacarandá,65
San Andrés de Cuerquía,Tamarindo,57
Sonsón,Eucalipto,18
Belmira,Aguacate,47
Arboletes,Algarrobo,41
Zaragoza,Chagualo,56
Apartadó,Cafeto,45
Sabaneta,Higuerón,34
Valdivia,Arrayán,49
Murindó,Castaño,85
Arboletes,Laurel,10
El Bagre,Arrayán,36
Donmatías,Piñuela,6
Zaragoza,Granadillo,62
Copacabana,Pardillo,56
Campamento,Caucho,20
Jericó,Guamo,86
Uramita,Caucho,60
Cisneros,Guava,91
Andes,Papayo,11
Amagá,Algarrobo,36
Granada,Aromo,96
Cáceres,Papayo,61
Ituango,Almendro,46
Briceño,Pino,20
Rionegro,Ficus,25
Zaragoza,Guayacán,1
San Andrés de Cuerquía,Candelillo,56
Concepción,Palo de agua,37
Cocorná,Papayo,90
Argelia,Ceiba,59
San Rafael,Chorisia,59
San Vicente,Nogal,7
Andes,Cascarillo,90
El Carmen de Viboral,Ficus,23
Envigado,Cedro,83
Marinilla,Ceiba,67
San Vicente,Cafeto,39
Támesis,Eucalipto,63
Jericó,Granadillo,34
Turbo,Ceiba,37
Támesis,Pino,29
La Unión,Arrayán,81
Campamento,Ficus,49
Santa Fe de Antioquia,Pital,31
Medellín,Algarrobo,94
Yarumal,Palo blanco,30
Yarumal,Arrayán,73
Murindó,Cedro,85
Amagá,Higuerón,63
Tarazá,Papaya,2
Barbosa,Chagualo,82
Arboletes,Candelillo,22
Andes,Guava,20
Toledo,Papaya,87
Donmatías,Cilantro de monte,14
Medellín,Palma de cera,7
Urrao,Tilo,65
Segovia,Higuerilla,87
Envigado,Aguacate,53
Cocorná,Guacharaco,93
Cocorná,Pino,71
Medellín,Eucalipto,32
Vegachí,Candelillo,41
El Carmen de Viboral,Nance,50
Carepa,Piñuela,58
Vegachí,Jacarandá,19
Arboletes,Pital,4
Gómez Plata,Páramo,91
Arboletes,Castaño,87
Belmira,Papaya,17
Alejandría,Cuerno de alce,99
Barbosa,Higuerilla,77
Sabaneta,Páramo,28
Carmen de Viboral,Bambú,79
Carmen de Viboral,Laurel,99
Nariño,Guanábana,99
Carmen de Viboral,Guava,48
Yalí,Caucho,7
Vegachí,Jacarandá,58
Turbo,Higuerón,29
Sonsón,Guayacán,18
Andes,Papayo,71
Rionegro,Caucho,58
San Carlos,Caucho,1
Mutatá,Yarumo,14
Sonsón,Castaño,53
Jericó,Castaño,74
Jericó,Palo de agua,87
Santo Domingo,Granadillo,76
Carepa,Cilantro de monte,16
Dabeiba,Páramo,56
Gómez Plata,Guanábana,8
Caldas,Candelillo,95
Caldas,Granadillo,44
Alejandría,Granadillo,38
Jericó,Almendro,22
Sabaneta,Páramo,20
Ituango,Roble,50
Santa Rosa de Osos,Guamo,14
Sonsón,Pardillo,34
El Santuario,Algarrobo,80
Puerto Berrío,Jacarandá,58
Yalí,Granadillo,67
Medellín,Almendro,96
San Jerónimo,Tamarindo,38
Jericó,Tamarindo,31
Yalí,Eucalipto,53
Sonsón,Guacharaco,2
Segovia,Pino,33
Jericó,Pino,82
Salgar,Pardillo,39
Andes,Cedro,45
Guatapé,Piñuela,70
Gómez Plata,Chagualo,19
San Andrés de Cuerquía,Papayo,54
Zaragoza,Pino,66
Rionegro,Chingalé,41
Guarne,Cascarillo,91
Yalí,Cedro,74
San Andrés de Cuerquía,Almendro,100
San Vicente,Guayacán,12
Barbosa,Papaya,42
Campamento,Palo blanco,25
Liborina,Piñuela,92
Turbo,Higuerón,89
La Ceja,Guanábana,32
Donmatías,Chorisia,10
Angostura,Guava,50
Argelia,Mango,75
El Santuario,Tamarindo,88
Itagüí,Chorisia,62
Uramita,Aguacate,100
Yarumal,Pital,74
Rionegro,Granadillo,28
Sonsón,Mango,51
San Carlos,Higuerón,19
Andes,Castaño,96
Yolombó,Pardillo,21
Yolombó,Arrayán,72
Rionegro,Almendro,22
Mutatá,Algarrobo,64
Apartadó,Tamarindo,100
La Estrella,Almendro,72
Jardín,Ficus,12
Caucasia,Granadillo,26
Caucasia,Roble,47
San Carlos,Nance,100
Marinilla,Castaño,8
Vigía del Fuerte,Aguacate,66
Urrao,Granadillo,35
La Unión,Piñuela,21
Bello,Candelillo,17
San Vicente,Chagualo,5
Itagüí,Tamarindo,73
Jericó,Cascarillo,38
San Jerónimo,Cascarillo,92
Campamento,Nance,59
Jardín,Palma de cera,52
El Santuario,Jacarandá,11
Amagá,Yarumo,28
Argelia,Palma de cera,77
Puerto Nare,Guanábana,80
Yarumal,Papaya,59
Caucasia,Castaño,72
Amagá,Chorisia,10
La Estrella,Nogal,11
Segovia,Pino,25
Briceño,Arrayán,71
Barbosa,Arrayán,19
Sabaneta,Aguacate,45
Santa Fe de Antioquia,Roble,72
Salgar,Eucalipto,70
Marinilla,Palma de cera,39
San Andrés de Cuerquía,Papaya,60
Támesis,Chingalé,72
Santa Fe de Antioquia,Cilantro de monte,75
Caldas,Chorisia,10
Granada,Caucho,91
Donmatías,Laurel,25
Barbosa,Guayacán,27
Necoclí,Arrayán,53
Sabaneta,Castaño,65
Sonsón,Cilantro de monte,12
Yalí,Cedro,12
Santo Domingo,Aromo,92
Nariño,Guayacán,38
San Francisco,Palo de agua,72
El Carmen de Viboral,Chorisia,64
Arboletes,Palo de agua,100
Jardín,Bambú,31
Rionegro,Palo de agua,34
Santo Domingo,Pardillo,80
Carmen de Viboral,Roble,66
El Bagre,Castaño,85
Abejorral,Candelillo,1
Caldas,Nance,12
El Carmen de Viboral,Chorisia,36
Guatapé,Ficus,23
Ituango,Jacarandá,47
Santa Bárbara,Cuerno de alce,85
Medellín,Candelillo,95
Campamento,Roble,62
Abejorral,Chagualo,45
Cisneros,Granadillo,23
Zaragoza,Tamarindo,55
Chigorodó,Laurel,15
Belmira,Guava,77
Cocorná,Tamarindo,18
Abejorral,Papayo,33
Anorí,Yarumo,13
Medellín,Aromo,98
Girardota,Eucalipto,93
Santo Domingo,Aguacate,85
Urrao,Papaya,16
La Unión,Jacarandá,94
Bello,Algarrobo,13
Santa Rosa de Osos,Guamo,3
Salgar,Tilo,25
Andes,Chorisia,67
Ituango,Mango,12
Rionegro,Ficus,6
Caldas,Cascarillo,27
Amagá,Granadillo,54
Abejorral,Nogal,99
San Rafael,Cafeto,53
Dabeiba,Cuerno de alce,17
Tarazá,Cilantro de monte,64
Bello,Tamarindo,35
Yalí,Guayacán,42
La Pintada,Chingalé,48
Donmatías,Guayacán,59
Alejandría,Tilo,67
San Andrés de Cuerquía,Nogal,65
Cisneros,Palo de agua,89
Campamento,Nogal,64
Sonsón,Jacarandá,90
Cocorná,Páramo,93
Arboletes,Higuerón,37
Caldas,Tamarindo,60
San Andrés de Cuerquía,Caucho,3
Mutatá,Mango,16
San Jerónimo,Higuerilla,82
Yolombó,Almendro,24
Campamento,Cascarillo,73
Santa Fe de Antioquia,Cilantro de monte,11
Marinilla,Tamarindo,71
Bello,Arrayán,19
Argelia,Papaya,94
Toledo,Bambú,15
Chigorodó,Páramo,25
Barbosa,Jacarandá,73
Cisneros,Cilantro de monte,60
Salgar,Tilo,53
Cocorná,Chingalé,4
Zaragoza,Guacharaco,5
Tarazá,Nance,85
Guatapé,Guayacán,76
La Unión,Papaya,34
San Pedro de Urabá,Palma de cera,2
Medellín,Nogal,65
Anorí,Chorisia,67
Támesis,Almendro,93
El Bagre,Granadillo,36
San Andrés de Cuerquía,Palma de cera,22
Necoclí,Cafeto,84
Murindó,Granadillo,35
Caucasia,Pino,5
San Francisco,Cedro,71
Sonsón,Pital,72
Rionegro,Higuerilla,15
Carmen de Viboral,Guayacán,63
San Pedro de los Milagros,Guava,9
Vigía del Fuerte,Higuerilla,14
Liborina,Roble,22
Murindó,Almendro,52
Medellín,Bambú,97
Nechí,Higuerón,90
Cisneros,Piñuela,21
Donmatías,Cuerno de alce,18
Campamento,Arrayán,31
Briceño,Cilantro de monte,71
Concepción,Guamo,68
Itagüí,Jacarandá,19
Liborina,Tilo,64
Girardota,Aromo,88
Salgar,Roble,49
Apartadó,Guacharaco,18
Támesis,Guayacán,7
San Roque,Roble,6
Amagá,Chorisia,64
Anorí,Chorisia,17
Bello,Higuerón,33
Belmira,Higuerón,34
Apartadó,Pital,48
Santa Bárbara,Yarumo,40
Sabaneta,Tamarindo,10
Remedios,Palo de agua,69
Urrao,Tamarindo,55
Vegachí,Guanábana,60
Mutatá,Páramo,56
Medellín,Laurel,71
Santo Domingo,Pital,86
Sabaneta,Higuerilla,31
Abejorral,Páramo,5
Arboletes,Mango,59
Guadalupe,Higuerón,54
Concepción,Nance,22
Yalí,Chagualo,13
Granada,Palo de agua,35
Nariño,Papayo,74
Abejorral,Pino,75
Segovia,Guava,68
Jericó,Pino,38
El Bagre,Candelillo,21
La Pintada,Guava,23
Urrao,Guanábana,86
San Pedro de Urabá,Candelillo,30
San Andrés de Cuerquía,Roble,92
La Estrella,Yarumo,85
Medellín,Guamo,5
Santa Fe de Antioquia,Palma de cera,72
San Jerónimo,Guamo,68
La Estrella,Higuerilla,7
Remedios,Granadillo,48
San Roque,Eucalipto,85
Guadalupe,Palo blanco,58
El Bagre,Roble,43
La Pintada,Algarrobo,27
Campamento,Piñuela,87
Toledo,Jacarandá,64
El Peñol,Páramo,51
Andes,Yarumo,15
El Santuario,Arrayán,8
Andes,Laurel,94
Carepa,Higuerón,66
Guadalupe,Jacarandá,9
San Carlos,Granadillo,73
El Bagre,Candelillo,69
Turbo,Cascarillo,33
Caldas,Cascarillo,89
El Santuario,Ceiba,44
Uramita,Candelillo,52
Yarumal,Pardillo,33
Sonsón,Papayo,35
Toledo,Jacarandá,15
Barbosa,Roble,29
La Unión,Higuerilla,63
San Carlos,Bambú,49
Alejandría,Ficus,39
Uramita,Chagualo,89
El Bagre,Ficus,26
San Vicente,Piñuela,21
Guadalupe,Eucalipto,99
Sonsón,Papayo,30
Cisneros,Tamarindo,68
Barbosa,Cuerno de alce,25
Santa Bárbara,Cascarillo,84
Sonsón,Yarumo,8
Guatapé,Higuerilla,65
Salgar,Bambú,76
Yalí,Piñuela,5
Marinilla,Nogal,97
San Roque,Nance,19
San Vicente,Páramo,34
Campamento,Tamarindo,3
Caucasia,Granadillo,76
Caldas,Arrayán,73
Anorí,Nogal,88
La Unión,Yarumo,37
Yarumal,Papayo,99
La Estrella,Piñuela,70
Caucasia,Papaya,93
Puerto Berrío,Arrayán,43
Santa Bárbara,Guacharaco,99
Andes,Guanábana,32
Cisneros,Granadillo,37
Nariño,Guacharaco,76
Jardín,Guamo,21
Apartadó,Granadillo,79
Nechí,Almendro,26
San Jerónimo,Algarrobo,64
Andes,Ficus,93
San Francisco,Tamarindo,91
Toledo,Granadillo,91
Cisneros,Cedro,50
Salgar,Roble,81
Santa Fe de Antioquia,Pino,70
Segovia,Almendro,43
Segovia,Pino,17
Caldas,Guanábana,11
Alejandría,Chorisia,94
Abejorral,Pital,74
Jericó,Palma de cera,76
Guadalupe,Cilantro de monte,58
Dabeiba,Páramo,15
Barbosa,Yarumo,97
Turbo,Papaya,95
Valdivia,Cedro,24
Caucasia,Jacarandá,89
Andes,Guamo,54
Santo Domingo,Cafeto,18
San Jerónimo,Castaño,67
Toledo,Bambú,2
Abejorral,Cascarillo,5
Yolombó,Tilo,89
Briceño,Papaya,92
Toledo,Chingalé,69
Dabeiba,Ceiba,83
Bello,Papaya,49
Yarumal,Guanábana,70
El Carmen de Viboral,Candelillo,81
Cáceres,Cascarillo,95
Vigía del Fuerte,Bambú,67
Cáceres,Cilantro de monte,95
Itagüí,Nance,10
Envigado,Aromo,95
Jardín,Castaño,29
Sabaneta,Ceiba,77
Nariño,Páramo,83
Sabaneta,Palma de cera,46
La Estrella,Cilantro de monte,69
Guarne,Chorisia,41
Cocorná,Roble,42
Argelia,Cafeto,48
Granada,Chagualo,78
Amagá,Castaño,44
La Estrella,Chagualo,15
Uramita,Pino,4
Sabaneta,Palma de cera,29
San Jerónimo,Laurel,82
Liborina,Páramo,53
San Pedro de Urabá,Yarumo,15
Abejorral,Caucho,10
El Peñol,Eucalipto,86
Medellín,Jacarandá,83
Rionegro,Nogal,89
La Unión,Guayacán,36
La Ceja,Chorisia,36
Angostura,Chingalé,64
Sabaneta,Guacharaco,45
Jardín,Aguacate,31
Bello,Pardillo,74
Medellín,Almendro,45
Sonsón,Granadillo,39
Vegachí,Higuerón,20
Guatapé,Palo blanco,50
Mutatá,Higuerilla,72
Argelia,Ficus,38
Sabaneta,Pital,49
Girardota,Pital,76
Zaragoza,Cilantro de monte,81
Turbo,Nance,84
San Andrés de Cuerquía,Arrayán,92
Támesis,Piñuela,82
San Andrés de Cuerquía,Palma de cera,19
Remedios,Pardillo,64
Santo Domingo,Palma de cera,22
Uramita,Papaya,59
Valdivia,Piñuela,95
Bello,Palma de cera,31
Santo Domingo,Palma de cera,31
Yalí,Roble,33
San Juan de Urabá,Papayo,10
Uramita,Nance,41
La Unión,Ficus,10
Caucasia,Palo de agua,33
Sonsón,Guayacán,47
Alejandría,Higuerilla,37
Valdivia,Cascarillo,16
Caldas,Roble,89
Yalí,Tilo,92
La Ceja,Jacarandá,32
Yarumal,Granadillo,44
Jardín,Laurel,99
Andes,Yarumo,21
Abejorral,Tamarindo,39
Marinilla,Pital,5
Sabaneta,Arrayán,90
Toledo,Tilo,31
Guadalupe,Cuerno de alce,9
Briceño,Nance,9
Campamento,Guava,89
Envigado,Castaño,45
Ituango,Granadillo,33
Toledo,Cuerno de alce,45
Jericó,Laurel,6
La Ceja,Higuerilla,49
Nechí,Papaya,87
Cáceres,Granadillo,61
Angostura,Ficus,85
San Francisco,Papaya,85
Donmatías,Nogal,97
San Jerónimo,Almendro,96
Girardota,Cascarillo,62
Abejorral,Cafeto,65
Nechí,Higuerón,51
Salgar,Aguacate,80
San Carlos,Cascarillo,31
Amagá,Pital,4
El Bagre,Nance,47
Yarumal,Chagualo,42
Copacabana,Roble,5
Liborina,Chagualo,70
Jardín,Tilo,23
Anorí,Cedro,28
Medellín,Mango,17
Urrao,Cafeto,73
La Unión,Bambú,32
Gómez Plata,Pino,89
San Pedro de Urabá,Cascarillo,98
Medellín,Cedro,20
San Jerónimo,Castaño,59
El Bagre,Papayo,90
Turbo,Arrayán,35
Necoclí,Arrayán,88
Necoclí,Nogal,62
Argelia,Cedro,20
Puerto Berrío,Cedro,66
Santa Rosa de Osos,Higuerón,35
Briceño,Aguacate,87
Vegachí,Páramo,8
Ituango,Cuerno de alce,73
Santa Fe de Antioquia,Cilantro de monte,61
Medellín,Palma de cera,43
Mutatá,Algarrobo,96
Bello,Cedro,57
Girardota,Granadillo,18
Zaragoza,Guacharaco,51
La Unión,Tamarindo,24
Jardín,Pital,30
San Andrés de Cuerquía,Candelillo,91
Sonsón,Ficus,28
Puerto Nare,Eucalipto,21
Dabeiba,Palo de agua,5
Turbo,Páramo,76
Caucasia,Cedro,43
Cisneros,Mango,13
Sonsón,Páramo,22
Nechí,Guava,57
Jardín,Páramo,84
Apartadó,Arrayán,21
San Vicente,Higuerilla,80
San Rafael,Cafeto,41
San Pedro de Urabá,Chagualo,2
Angostura,Laurel,5
Itagüí,Algarrobo,86
Dabeiba,Piñuela,69
Angostura,Tamarindo,42
Angostura,Palo blanco,80
Santa Fe de Antioquia,Arrayán,34
Concepción,Chingalé,27
La Estrella,Tamarindo,76
Yarumal,Papaya,71
Yalí,Ficus,72
Caucasia,Nance,10
Yarumal,Cedro,72
Sonsón,Almendro,60
Copacabana,Algarrobo,54
San Andrés de Cuerquía,Bambú,18
Yarumal,Tamarindo,70
Donmatías,Arrayán,35
Yarumal,Roble,93
Concepción,Cilantro de monte,58
Nariño,Granadillo,88
Santa Fe de Antioquia,Chagualo,92
Envigado,Papayo,76
La Estrella,Pino,82
Envigado,Caucho,91
Medellín,Tamarindo,11
San Roque,Pino,31
La Unión,Cuerno de alce,4
Yarumal,Almendro,77
Belmira,Bambú,52
Jericó,Algarrobo,93
Caldas,Cuerno de alce,19
Santa Bárbara,Ficus,59
Chigorodó,Castaño,69
San Carlos,Palo blanco,8
Murindó,Pino,47
Medellín,Papaya,24
Murindó,Palo de agua,24
Jardín,Chingalé,7
Envigado,Palo de agua,100
Guadalupe,Mango,50
El Bagre,Pino,2
Cáceres,Chagualo,77
Yarumal,Tamarindo,37
El Peñol,Roble,84
Campamento,Nance,67
Vegachí,Guanábana,76
Sonsón,Castaño,42
Zaragoza,Aguacate,29
San Pedro de los Milagros,Chagualo,58
Bello,Roble,13
Copacabana,Nance,11
Campamento,Piñuela,47
Carmen de Viboral,Arrayán,5
Uramita,Cafeto,76
San Andrés de Cuerquía,Algarrobo,43
Santa Rosa de Osos,Tilo,78
Vegachí,Guayacán,18
Sabaneta,Candelillo,51
Guarne,Cilantro de monte,60
Nariño,Tamarindo,4
La Unión,Candelillo,81
Yarumal,Jacarandá,15
Sonsón,Guava,61
La Unión,Aguacate,50
Guatapé,Piñuela,57
Vigía del Fuerte,Cilantro de monte,64
Nariño,Piñuela,46
San Vicente,Arrayán,6
La Unión,Laurel,48
Murindó,Granadillo,58
Copacabana,Páramo,20
Vegachí,Ceiba,40
Jardín,Higuerilla,62
Cisneros,Pital,92
Turbo,Tamarindo,54
Támesis,Guanábana,96
Valdivia,Guamo,80
La Estrella,Palo blanco,56
San Roque,Arrayán,14
La Unión,Arrayán,99
San Rafael,Arrayán,37
Bello,Higuerón,22
Liborina,Ceiba,78
San Carlos,Chorisia,7
Támesis,Arrayán,9
Jericó,Ceiba,17
Donmatías,Palma de cera,13
La Unión,Palma de cera,14
Santo Domingo,Chorisia,25
San Rafael,Algarrobo,78
Apartadó,Guava,12
San Jerónimo,Cuerno de alce,72
Girardota,Pardillo,52
Rionegro,Mango,50
La Ceja,Ficus,33
Caucasia,Pino,81
Necoclí,Chagualo,84
Guatapé,Cilantro de monte,70
Andes,Aguacate,26
Santo Domingo,Arrayán,8
Girardota,Guamo,23
Cáceres,Tamarindo,23
Andes,Pital,85
Concepción,Chingalé,86
Yarumal,Cafeto,18
San Francisco,Cilantro de monte,97
Nechí,Chingalé,77
Gómez Plata,Páramo,43
El Santuario,Guamo,44
Caucasia,Higuerilla,87
Remedios,Candelillo,30
San Rafael,Pardillo,18
Urrao,Bambú,79
El Carmen de Viboral,Papayo,85
Campamento,Granadillo,85
Turbo,Candelillo,11
Carepa,Guamo,74
Abejorral,Arrayán,10
Andes,Granadillo,77
La Ceja,Pino,40
Cisneros,Almendro,63
San Vicente,Aromo,1
Mutatá,Guanábana,61
Remedios,Pino,44
Briceño,Cafeto,4
El Santuario,Palma de cera,39
Bello,Pardillo,10
Santo Domingo,Higuerón,72
Caucasia,Guamo,32
San Rafael,Tilo,39
Cisneros,Chorisia,22
San Carlos,Chagualo,45
Abejorral,Piñuela,26
La Ceja,Guava,87
Santa Fe de Antioquia,Palma de cera,57
Cocorná,Cuerno de alce,89
Sonsón,Tilo,80
Guadalupe,Higuerón,58
Caldas,Higuerón,66
Nechí,Higuerón,82
Dabeiba,Pital,44
Urrao,Guamo,76
Puerto Nare,Eucalipto,66
Briceño,Cascarillo,42
Puerto Nare,Ficus,78
Támesis,Bambú,92
Rionegro,Nance,53
Donmatías,Papayo,40
Sonsón,Tamarindo,80
Marinilla,Pino,68
Angostura,Papayo,60
Guadalupe,Candelillo,49
La Unión,Cascarillo,74
Santa Bárbara,Palo de agua,12
Copacabana,Bambú,69
Támesis,Pino,35
Campamento,Higuerón,31
Mutatá,Aromo,30
Uramita,Tamarindo,20
Salgar,Caucho,21
Abejorral,Roble,96
San Rafael,Chingalé,80
Carepa,Almendro,79
San Vicente,Arrayán,59
El Carmen de Viboral,Jacarandá,69
Amagá,Palma de cera,90
Girardota,Roble,45
Santo Domingo,Higuerón,1
Medellín,Arrayán,23
Caldas,Pital,73
Remedios,Páramo,38
Itagüí,Yarumo,70
Barbosa,Tilo,15
Dabeiba,Higuerilla,47
Itagüí,Bambú,14
Vigía del Fuerte,Bambú,18
Carmen de Viboral,Cilantro de monte,60
Santa Fe de Antioquia,Papaya,79
Nariño,Higuerón,66
Remedios,Yarumo,53
Sabaneta,Guava,82
Santo Domingo,Candelillo,2
Abejorral,Eucalipto,3
Santa Bárbara,Caucho,3
Yalí,Cuerno de alce,36
Bello,Cilantro de monte,65
Santa Bárbara,Tilo,50
Santo Domingo,Pino,78
Puerto Berrío,Laurel,1
El Bagre,Tilo,75
Zaragoza,Laurel,11
Toledo,Jacarandá,21
Arboletes,Almendro,6
Santo Domingo,Tamarindo,46
Cáceres,Guamo,98
San Jerónimo,Cilantro de monte,95
Puerto Berrío,Piñuela,30
Yolombó,Ficus,33
El Santuario,Higuerón,42
Urrao,Almendro,32
Turbo,Tilo,37
Rionegro,Ceiba,44
Salgar,Guanábana,2
Dabeiba,Aromo,46
Vegachí,Mango,17
Medellín,Chorisia,51
Jardín,Guamo,56
Abejorral,Palo blanco,30
Remedios,Chingalé,9
Valdivia,Chingalé,32
Murindó,Arrayán,83
Jericó,Higuerilla,80
Jardín,Aromo,4
Sabaneta,Higuerilla,99
San Andrés de Cuerquía,Chagualo,76
Copacabana,Tamarindo,28
Remedios,Algarrobo,90
La Unión,Palo de agua,69
Puerto Berrío,Cuerno de alce,76
Nariño,Cuerno de alce,65
Vigía del Fuerte,Castaño,23
Santa Bárbara,Guava,96
San Francisco,Cedro,96
Valdivia,Cascarillo,2
Girardota,Cascarillo,16
Donmatías,Aguacate,6
Santa Bárbara,Palma de cera,80
Sonsón,Arrayán,71
Santa Bárbara,Higuerilla,58
San Rafael,Papayo,24
Jardín,Roble,60
Barbosa,Piñuela,41
El Carmen de Viboral,Pino,14
Tarazá,Candelillo,87
Girardota,Guayacán,67
San Pedro de Urabá,Algarrobo,11
Támesis,Granadillo,95
Itagüí,Piñuela,51
Dabeiba,Nance,47
Alejandría,Jacarandá,11
Nariño,Tamarindo,87
Nariño,Guava,43
Urrao,Palma de cera,100
El Bagre,Ceiba,68
San Andrés de Cuerquía,Cilantro de monte,53
Donmatías,Páramo,94
La Estrella,Yarumo,31
Cocorná,Papayo,31
Yalí,Tamarindo,91
Apartadó,Ficus,21
Copacabana,Guanábana,47
Sabaneta,Castaño,18
Belmira,Ficus,40
Puerto Berrío,Pino,87
Campamento,Ceiba,80
Cáceres,Arrayán,52
Donmatías,Cilantro de monte,12
Santo Domingo,Tamarindo,87
Tarazá,Papayo,98
El Bagre,Aromo,46
Argelia,Papayo,14
Sabaneta,Almendro,71
La Unión,Palo de agua,84
Jericó,Guamo,85
Jardín,Tamarindo,62
Puerto Berrío,Bambú,91
Dabeiba,Laurel,71
Gómez Plata,Palo blanco,79
La Estrella,Guamo,76
Donmatías,Papaya,55
Urrao,Guava,95
Yalí,Tamarindo,64
La Estrella,Tilo,54
Sabaneta,Guanábana,36
Amagá,Guacharaco,45
Donmatías,Nance,13
Jericó,Yarumo,47
Santo Domingo,Aromo,74
Donmatías,Aromo,90
San Juan de Urabá,Papaya,9
El Bagre,Palo blanco,61
El Santuario,Nogal,49
Itagüí,Guava,85
Carepa,Guanábana,74
Caucasia,Chingalé,10
Rionegro,Tamarindo,43
Santa Fe de Antioquia,Cascarillo,44
Liborina,Nogal,27
Sonsón,Cuerno de alce,32
Carmen de Viboral,Páramo,29
Bello,Chingalé,68
Vigía del Fuerte,Chingalé,69
Andes,Cedro,1
Carepa,Aromo,76
Carmen de Viboral,Higuerilla,37
Girardota,Pino,29
Santo Domingo,Cilantro de monte,92
El Carmen de Viboral,Castaño,32
Santa Rosa de Osos,Aromo,96
Nariño,Arrayán,85
Cocorná,Bambú,76
Sonsón,Almendro,23
Girardota,Granadillo,20
San Pedro de los Milagros,Ceiba,52
La Estrella,Jacarandá,66
Santa Bárbara,Pino,76
Carepa,Guacharaco,69
Turbo,Guava,89
Turbo,Páramo,78
Yarumal,Cilantro de monte,86
Segovia,Laurel,93
Urrao,Palma de cera,28
Andes,Aguacate,68
Guarne,Algarrobo,95
Cisneros,Chagualo,1
Medellín,Almendro,97
Turbo,Palo blanco,70
Caldas,Cilantro de monte,98
Carmen de Viboral,Almendro,2
Santo Domingo,Ceiba,50
Salgar,Jacarandá,81
San Andrés de Cuerquía,Guamo,28
Arboletes,Tamarindo,27
La Pintada,Mango,51
Santo Domingo,Laurel,38
Murindó,Almendro,88
Abejorral,Higuerón,21
Vegachí,Guava,82
Abejorral,Ficus,64
Yarumal,Chagualo,22
Turbo,Palma de cera,21
Santa Fe de Antioquia,Pital,21
San Andrés de Cuerquía,Higuerón,23
Sonsón,Candelillo,9
Marinilla,Palo blanco,74
La Ceja,Higuerón,25
Guadalupe,Chorisia,74
San Rafael,Papayo,38
San Vicente,Cafeto,61
Jardín,Arrayán,54
Concepción,Palo blanco,5
Turbo,Roble,79
Dabeiba,Pardillo,20
Mutatá,Guanábana,16
Vigía del Fuerte,Caucho,51
Andes,Guamo,66
El Bagre,Pardillo,96
Guadalupe,Higuerón,6
Toledo,Yarumo,36
Cisneros,Pital,31
San Rafael,Bambú,53
Donmatías,Roble,11
Guatapé,Arrayán,11
Támesis,Arrayán,36
Arboletes,Ficus,39
Sonsón,Aromo,79
La Unión,Palma de cera,1
San Juan de Urabá,Chingalé,63
Donmatías,Aromo,12
Santa Bárbara,Cuerno de alce,25
La Ceja,Castaño,32
Turbo,Tamarindo,45
Copacabana,Chorisia,34
San Roque,Almendro,9
San Carlos,Higuerón,13
San Roque,Pardillo,18
Envigado,Candelillo,91
Sabaneta,Páramo,84
Donmatías,Guanábana,59
Argelia,Caucho,81
El Bagre,Piñuela,62
Santa Bárbara,Pital,10
San Roque,Piñuela,73
San Andrés de Cuerquía,Guayacán,65
Itagüí,Guayacán,49
San Rafael,Cascarillo,94
Cisneros,Pital,20
Guatapé,Bambú,51
Apartadó,Jacarandá,50
Marinilla,Guayacán,16
Campamento,Arrayán,37
El Carmen de Viboral,Tamarindo,6
Briceño,Chagualo,41
Campamento,Guava,56
Cisneros,Cedro,48
La Pintada,Aromo,92
La Ceja,Guacharaco,76
Toledo,Pino,30
Vegachí,Almendro,3
Remedios,Tamarindo,72
Alejandría,Arrayán,24
Turbo,Higuerilla,12
Medellín,Pardillo,20
Andes,Palma de cera,40
Toledo,Papayo,90
Girardota,Guayacán,42
Barbosa,Guamo,100
Turbo,Chorisia,5
Girardota,Nogal,18
Segovia,Higuerilla,59
Nariño,Roble,82
Mutatá,Nance,83
Guadalupe,Páramo,53
Sonsón,Eucalipto,43
Nariño,Palma de cera,63
Liborina,Algarrobo,46
Puerto Berrío,Tamarindo,97
Zaragoza,Nogal,31
Andes,Eucalipto,27
Apartadó,Páramo,30
Donmatías,Candelillo,95
Girardota,Candelillo,99
Santa Fe de Antioquia,Almendro,8
San Roque,Cilantro de monte,46
Ituango,Caucho,40
Támesis,Nance,4
Andes,Nogal,34
El Bagre,Yarumo,11
Santa Fe de Antioquia,Papaya,13
Cáceres,Caucho,58
Nechí,Arrayán,78
Itagüí,Pino,12
Medellín,Yarumo,65
San Pedro de los Milagros,Tamarindo,45
Briceño,Tilo,24
Copacabana,Yarumo,62
Jericó,Cuerno de alce,5
Anorí,Páramo,43
Yalí,Higuerilla,29
Zaragoza,Palo de agua,54
Uramita,Laurel,21
Zaragoza,Guayacán,46
El Bagre,Jacarandá,63
Ituango,Candelillo,9
Bello,Arrayán,15
Rionegro,Papaya,61
Zaragoza,Jacarandá,36
Tarazá,Guanábana,89
Dabeiba,Piñuela,62
Dabeiba,Castaño,80
Toledo,Roble,17
Chigorodó,Granadillo,55
Cisneros,Cilantro de monte,76
Donmatías,Laurel,74
Apartadó,Aguacate,86
Carepa,Pital,47
San Pedro de los Milagros,Tamarindo,66
Yarumal,Nogal,88
Caucasia,Castaño,35
Jardín,Papaya,51
Andes,Caucho,76
Girardota,Palo blanco,42
Cáceres,Candelillo,74
El Bagre,Mango,23
El Bagre,Pino,50
Jericó,Guava,89
Valdivia,Palo blanco,40
Amagá,Higuerón,22
Jardín,Higuerilla,49
San Francisco,Chingalé,62
Copacabana,Castaño,54
San Rafael,Candelillo,81
La Estrella,Eucalipto,96
Remedios,Mango,22
Ituango,Jacarandá,45
Santa Fe de Antioquia,Castaño,4
Santa Rosa de Osos,Castaño,40
La Unión,Cascarillo,22
Támesis,Piñuela,92
Sonsón,Pino,32
Necoclí,Higuerilla,32
Tarazá,Almendro,4
San Pedro de los Milagros,Algarrobo,41
Amagá,Laurel,42
El Bagre,Yarumo,8
Caucasia,Eucalipto,49
Caldas,Páramo,7
Jardín,Jacarandá,24
Santa Fe de Antioquia,Cilantro de monte,57
Santa Fe de Antioquia,Castaño,31
Itagüí,Higuerón,35
Zaragoza,Cilantro de monte,4
Caldas,Chingalé,35
El Carmen de Viboral,Castaño,76
Briceño,Palma de cera,39
Yolombó,Almendro,69
Arboletes,Higuerilla,4
San Pedro de los Milagros,Yarumo,49
Remedios,Arrayán,64
Alejandría,Candelillo,86
Sabaneta,Arrayán,76
Turbo,Nogal,15
Sabaneta,Jacarandá,75
San Carlos,Arrayán,86
Andes,Castaño,78
Sabaneta,Tamarindo,6
Murindó,Algarrobo,39
Sonsón,Cedro,60
Copacabana,Tamarindo,96
Valdivia,Algarrobo,64
Copacabana,Tamarindo,40
Caldas,Jacarandá,96
Medellín,Pardillo,96
Jericó,Pino,97
San Rafael,Algarrobo,34
El Bagre,Algarrobo,48
San Roque,Higuerilla,47
Alejandría,Piñuela,52
Santa Bárbara,Cuerno de alce,7
Turbo,Mango,29
Guarne,Guava,95
San Andrés de Cuerquía,Piñuela,75
Yalí,Arrayán,84
Cisneros,Aguacate,64
San Jerónimo,Granadillo,37
San Jerónimo,Palma de cera,6
Yolombó,Cedro,57
Nariño,Tamarindo,90
Sonsón,Bambú,57
Turbo,Mango,9
Turbo,Palma de cera,89
Santa Bárbara,Ceiba,20
Yalí,Pital,67
El Carmen de Viboral,Cuerno de alce,76
Donmatías,Arrayán,1
Caldas,Chorisia,13
La Pintada,Guacharaco,42
Itagüí,Chingalé,28
Cáceres,Granadillo,63
Medellín,Caucho,5
Tarazá,Caucho,43
Bello,Tamarindo,96
Mutatá,Higuerón,6
Yolombó,Caucho,29
Caucasia,Palo blanco,74
Urrao,Guamo,68
Mutatá,Cafeto,80
El Peñol,Pino,32
Briceño,Pardillo,96
Turbo,Guamo,86
Medellín,Arrayán,4
Jericó,Chorisia,47
Valdivia,Ceiba,15
Carmen de Viboral,Cuerno de alce,55
Toledo,Guamo,73
Sonsón,Candelillo,37
Apartadó,Cuerno de alce,94
San Juan de Urabá,Bambú,6
Caucasia,Nance,52
La Estrella,Palma de cera,43
Belmira,Cuerno de alce,95
La Unión,Arrayán,49
La Pintada,Yarumo,21
San Rafael,Arrayán,18
Envigado,Guamo,42
Donmatías,Pardillo,14
Donmatías,Algarrobo,21
San Jerónimo,Chorisia,92
Santa Rosa de Osos,Algarrobo,75
Yarumal,Guanábana,89
La Unión,Candelillo,86
Valdivia,Bambú,96
Caldas,Pino,43
Alejandría,Aromo,93
Támesis,Arrayán,70
Uramita,Papaya,27
Bello,Higuerilla,29
Santa Fe de Antioquia,Tamarindo,91
Yolombó,Roble,12
Chigorodó,Guacharaco,46
Itagüí,Nance,79
La Ceja,Tamarindo,57
Necoclí,Papayo,27
Turbo,Granadillo,19
Guadalupe,Ficus,5
Medellín,Higuerilla,49
Dabeiba,Papayo,68
Guarne,Chagualo,6
Uramita,Palma de cera,47
Valdivia,Palma de cera,95
Bello,Chingalé,79
La Ceja,Tilo,68
Anorí,Guanábana,14
San Jerónimo,Algarrobo,98
Remedios,Ceiba,59
Cisneros,Castaño,83
San Pedro de Urabá,Guacharaco,1
El Carmen de Viboral,Palo blanco,17
Bello,Cedro,65
Caldas,Cascarillo,62
Turbo,Guacharaco,36
Valdivia,Guamo,92
Yarumal,Piñuela,73
La Estrella,Aguacate,66
Apartadó,Almendro,73
El Carmen de Viboral,Higuerón,51
Nariño,Arrayán,90
Granada,Castaño,60
San Pedro de los Milagros,Chingalé,19
Vigía del Fuerte,Algarrobo,63
Jericó,Cilantro de monte,84
Urrao,Aromo,17
Andes,Palma de cera,34
La Estrella,Guacharaco,63
Santa Fe de Antioquia,Palo blanco,3
Campamento,Nance,85
Necoclí,Chagualo,32
Anorí,Nogal,2
Medellín,Guayacán,28
Donmatías,Bambú,96
Yolombó,Candelillo,87
Liborina,Granadillo,62
El Carmen de Viboral,Guava,60
Nariño,Papayo,100
Yarumal,Ficus,50
Carepa,Roble,37
Alejandría,Aguacate,100
Zaragoza,Tilo,3
Anorí,Caucho,94
Uramita,Piñuela,21
Sonsón,Chorisia,38
Andes,Papayo,87
La Unión,Pino,18
Vegachí,Papayo,92
San Roque,Higuerón,1
Jardín,Mango,93
Alejandría,Tilo,42
Anorí,Aromo,41
Itagüí,Ficus,75
Argelia,Papayo,83
Concepción,Ficus,64
Jericó,Nance,55
Sonsón,Cilantro de monte,26
Carmen de Viboral,Cafeto,16
San Carlos,Bambú,59
San Rafael,Eucalipto,70
El Bagre,Candelillo,47
Guatapé,Guayacán,81
San Andrés de Cuerquía,Ceiba,36
Yarumal,Nogal,62
San Jerónimo,Pital,50
Támesis,Ceiba,55
Girardota,Ficus,96
Amagá,Guamo,55
Carmen de Viboral,Jacarandá,35
Támesis,Pital,7
Puerto Berrío,Eucalipto,6
Marinilla,Eucalipto,85
Jericó,Bambú,45
Girardota,Nogal,43
La Unión,Roble,65
Sonsón,Ceiba,77
Yarumal,Guava,19
Urrao,Guamo,94
Sabaneta,Cedro,44
El Peñol,Tamarindo,29
Amagá,Papayo,85
Tarazá,Mango,32
Santa Bárbara,Nance,22
Yarumal,Chagualo,33
Mutatá,Laurel,98
Marinilla,Cuerno de alce,94
Medellín,Guanábana,38
Yarumal,Tamarindo,54
Sabaneta,Pardillo,35
Abejorral,Chorisia,16
Santa Fe de Antioquia,Tamarindo,76
Concepción,Tamarindo,67
Vegachí,Cuerno de alce,31
Liborina,Arrayán,60
Jericó,Tilo,7
Medellín,Cilantro de monte,11
Sonsón,Chorisia,44
Sabaneta,Caucho,76
Concepción,Higuerilla,88
Vegachí,Tamarindo,2
Apartadó,Pital,94
Santo Domingo,Pital,12
San Rafael,Tamarindo,54
San Andrés de Cuerquía,Chagualo,21
La Unión,Laurel,5
San Pedro de los Milagros,Guamo,10
Murindó,Guamo,28
Girardota,Palo de agua,84
Liborina,Guayacán,89
Támesis,Guava,2
Yarumal,Pardillo,24
Carmen de Viboral,Laurel,86
Angostura,Higuerilla,4
Santa Fe de Antioquia,Laurel,12
Cisneros,Nance,47
Amagá,Yarumo,5
Sabaneta,Pardillo,91
Itagüí,Almendro,8
El Peñol,Roble,38
La Unión,Ceiba,7
Turbo,Tamarindo,96
Turbo,Nance,4
Necoclí,Tilo,49
La Pintada,Guacharaco,29
Medellín,Tilo,49
Rionegro,Cafeto,12
San Jerónimo,Guacharaco,89
Toledo,Castaño,57
Urrao,Jacarandá,13
Remedios,Palo de agua,72
Yarumal,Higuerilla,59
Itagüí,Cafeto,53
Puerto Nare,Chingalé,17
Girardota,Papaya,90
Rionegro,Arrayán,23
Zaragoza,Tilo,46
Bello,Laurel,58
Rionegro,Guacharaco,92
Arboletes,Palma de cera,69
Marinilla,Laurel,33
Ituango,Ceiba,88
San Roque,Cedro,45
Carmen de Viboral,Castaño,7
San Francisco,Cilantro de monte,70
Amagá,Ceiba,18
Yalí,Chingalé,21
Cáceres,Algarrobo,19
Gómez Plata,Aromo,83
Murindó,Tamarindo,63
Jardín,Guacharaco,79
Rionegro,Higuerón,78
La Pintada,Caucho,15
Turbo,Granadillo,25
Santa Rosa de Osos,Páramo,11
Arboletes,Tilo,83
Apartadó,Piñuela,87
Sabaneta,Chorisia,86
San Carlos,Arrayán,47
Arboletes,Ceiba,39
La Estrella,Piñuela,96
Girardota,Chingalé,70
Yalí,Mango,42
El Bagre,Roble,61
Zaragoza,Cedro,40
Girardota,Aguacate,37
Turbo,Papayo,16
Nariño,Palo blanco,95
Campamento,Castaño,96
Andes,Tilo,7
Puerto Nare,Yarumo,95
La Pintada,Cafeto,18
El Bagre,Chingalé,60
Belmira,Cedro,95
Jardín,Pital,18
Murindó,Nance,31
La Unión,Nance,54
Mutatá,Laurel,3
San Pedro de Urabá,Chingalé,17
Jericó,Palo blanco,54
Arboletes,Ficus,72
Belmira,Aguacate,75
Sabaneta,Palo de agua,81
Liborina,Cedro,63
La Estrella,Palma de cera,100
Gómez Plata,Eucalipto,94
Guatapé,Jacarandá,48
Caldas,Papaya,41
Rionegro,Almendro,40
La Estrella,Tamarindo,52
Puerto Berrío,Granadillo,90
El Santuario,Papaya,90
Turbo,Cedro,52
Vegachí,Caucho,52
Nariño,Cafeto,36
Ituango,Algarrobo,64
Guarne,Guayacán,45
Barbosa,Arrayán,82
Ituango,Palo blanco,34
Yolombó,Pital,98
San Juan de Urabá,Chingalé,12
Dabeiba,Guamo,74
Campamento,Guamo,78
Andes,Candelillo,44
Sabaneta,Palo blanco,36
Guadalupe,Nance,21
La Ceja,Ficus,91
Chigorodó,Ficus,5
Chigorodó,Almendro,50
Chigorodó,Páramo,98
La Unión,Bambú,99
Anorí,Papaya,50
Turbo,Nance,30
Turbo,Almendro,49
Sonsón,Nance,41
San Andrés de Cuerquía,Bambú,52
Arboletes,Aromo,48
Bello,Arrayán,76
San Francisco,Tamarindo,64
Anorí,Pital,91
Nariño,Yarumo,58
Caldas,Guanábana,47
Toledo,Cafeto,30
Envigado,Papaya,75
Vigía del Fuerte,Guacharaco,68
San Roque,Ficus,80
Guarne,Cafeto,16
Sabaneta,Higuerón,39
Yalí,Aromo,27
Medellín,Ceiba,83
Jericó,Papaya,40
Valdivia,Guamo,75
Rionegro,Palo blanco,83
Belmira,Arrayán,65
Medellín,Palma de cera,89
Jardín,Aguacate,33
Yarumal,Chorisia,15
Santa Bárbara,Nance,43
San Jerónimo,Algarrobo,16
Santo Domingo,Papaya,72
Murindó,Ficus,97
Concepción,Ficus,24
Guarne,Guava,90
El Bagre,Guayacán,48
El Peñol,Palo de agua,45
Caucasia,Piñuela,71
Angostura,Arrayán,56
Mutatá,Páramo,97
Donmatías,Guacharaco,77
Caldas,Nogal,58
San Andrés de Cuerquía,Nogal,82
Bello,Pital,2
San Pedro de Urabá,Cafeto,67
Támesis,Guanábana,29
El Bagre,Eucalipto,23
San Juan de Urabá,Yarumo,44
San Francisco,Castaño,19
Guatapé,Chagualo,72
Granada,Roble,51
Sonsón,Castaño,42
Arboletes,Cilantro de monte,83
San Francisco,Pardillo,12
Angostura,Cuerno de alce,24
Yarumal,Cedro,43
Rionegro,Palo blanco,35
Santa Fe de Antioquia,Cuerno de alce,90
Granada,Caucho,11
Andes,Almendro,97
Valdivia,Aromo,90
Rionegro,Algarrobo,75
Zaragoza,Yarumo,96
Guatapé,Jacarandá,99
Chigorodó,Arrayán,47
Liborina,Palo de agua,60
Argelia,Cilantro de monte,4
La Unión,Chorisia,22
Anorí,Papayo,58
Andes,Aromo,79
Sonsón,Pino,50
Donmatías,Piñuela,24
Donmatías,Caucho,85
Donmatías,Aromo,70
Tarazá,Pardillo,81
Marinilla,Cascarillo,34
Medellín,Pardillo,43
Támesis,Tilo,55
Vegachí,Bambú,92
Nechí,Cilantro de monte,55
San Rafael,Cuerno de alce,94
El Peñol,Almendro,52
La Unión,Granadillo,100
Nariño,Ceiba,79
Rionegro,Chingalé,30
Campamento,Chorisia,99
Gómez Plata,Guanábana,62
Jericó,Ceiba,96
Briceño,Ficus,16
Toledo,Algarrobo,60
San Jerónimo,Laurel,46
Sabaneta,Algarrobo,96
Vigía del Fuerte,Jacarandá,95
La Estrella,Higuerón,56
San Juan de Urabá,Algarrobo,22
Medellín,Higuerón,65
La Unión,Cedro,81
Concepción,Granadillo,12
San Roque,Cilantro de monte,47
Dabeiba,Cilantro de monte,10
Yarumal,Cuerno de alce,25
Sonsón,Algarrobo,34
Rionegro,Pardillo,21
Yalí,Nance,12
Jericó,Palo blanco,24
Dabeiba,Chagualo,44
Caldas,Tilo,67
San Francisco,Palo de agua,56
San Francisco,Ceiba,51
Dabeiba,Tamarindo,97
San Vicente,Piñuela,10
San Francisco,Algarrobo,83
Toledo,Ceiba,64
Turbo,Guacharaco,13
Puerto Nare,Tilo,40
Sabaneta,Nance,55
Girardota,Nance,63
San Juan de Urabá,Arrayán,44
Guatapé,Yarumo,31
Vegachí,Jacarandá,62
San Roque,Páramo,80
Santo Domingo,Mango,29
Támesis,Cilantro de monte,76
Caldas,Higuerón,80
Angostura,Cuerno de alce,79
La Unión,Chagualo,83
Ituango,Ficus,19
Rionegro,Palo blanco,73
Sonsón,Palo de agua,93
Angostura,Caucho,48
Jardín,Candelillo,84
La Estrella,Tamarindo,54
San Juan de Urabá,Aguacate,38
Carmen de Viboral,Pital,80
Cocorná,Chingalé,68
Valdivia,Granadillo,86
Andes,Tamarindo,31
Apartadó,Palma de cera,59
San Carlos,Palma de cera,76
Sabaneta,Tamarindo,40
Turbo,Tamarindo,49
Barbosa,Papaya,78
San Pedro de Urabá,Almendro,46
Bello,Chorisia,18
San Juan de Urabá,Palo de agua,65
Jardín,Guacharaco,76
San Carlos,Piñuela,62
Sonsón,Piñuela,95
Guatapé,Papayo,8
Briceño,Tamarindo,80
San Carlos,Granadillo,40
El Bagre,Yarumo,61
La Unión,Nance,23
Rionegro,Granadillo,20
Yarumal,Candelillo,24
Donmatías,Piñuela,71
Toledo,Papayo,89
Copacabana,Chagualo,35
El Santuario,Algarrobo,86
El Bagre,Higuerón,57
Medellín,Cuerno de alce,76
Liborina,Caucho,3
La Ceja,Pino,39
Andes,Páramo,57
Caldas,Cuerno de alce,46
Sonsón,Palma de cera,63
Bello,Guacharaco,82
Abejorral,Arrayán,25
Argelia,Cafeto,44
Medellín,Laurel,28
Cisneros,Candelillo,42
Yarumal,Páramo,59
Murindó,Papaya,73
Argelia,Ceiba,44
San Carlos,Cuerno de alce,12
Envigado,Mango,89
Donmatías,Mango,12
Támesis,Nance,81
San Francisco,Yarumo,54
Zaragoza,Jacarandá,16
Toledo,Cuerno de alce,39
Arboletes,Cafeto,4
Abejorral,Chorisia,68
Rionegro,Chingalé,44
Yarumal,Páramo,13
Anorí,Palo blanco,36
Itagüí,Granadillo,99
Andes,Piñuela,91
San Roque,Guanábana,9
Santo Domingo,Bambú,3
Guadalupe,Higuerilla,31
San Vicente,Nogal,60
Sonsón,Nance,31
Sabaneta,Higuerilla,46
Nariño,Pino,80
El Carmen de Viboral,Cascarillo,99
Apartadó,Higuerilla,16
Amagá,Ceiba,28
Jardín,Castaño,98
Alejandría,Higuerilla,74
Guatapé,Guanábana,89
Ituango,Palma de cera,41
Abejorral,Arrayán,52
San Carlos,Chagualo,69
San Jerónimo,Granadillo,54
Mutatá,Castaño,31
San Juan de Urabá,Yarumo,54
Yarumal,Roble,94
Medellín,Nance,57
Medellín,Pardillo,74
Necoclí,Bambú,4
Puerto Nare,Eucalipto,98
El Bagre,Caucho,43
Granada,Papaya,78
Santa Bárbara,Caucho,59
Itagüí,Higuerilla,5
Sonsón,Chingalé,4
Belmira,Bambú,77
Amagá,Arrayán,48
Itagüí,Guamo,26
El Bagre,Castaño,72
Nechí,Ficus,42
Santa Rosa de Osos,Pital,6
Yalí,Castaño,69
Amagá,Granadillo,1
Valdivia,Cuerno de alce,40
San Rafael,Piñuela,87
Yarumal,Cilantro de monte,67
Remedios,Arrayán,37
San Francisco,Pino,14
Envigado,Granadillo,69
Yalí,Guacharaco,74
Carepa,Ceiba,9
Nariño,Guava,12
Angostura,Aromo,41
Jericó,Pino,96
Arboletes,Aromo,95
Apartadó,Tamarindo,1
Concepción,Caucho,74
Girardota,Palo blanco,47
Yarumal,Arrayán,84
San Juan de Urabá,Cascarillo,15
San Pedro de Urabá,Cascarillo,4
Jericó,Papayo,37
Zaragoza,Jacarandá,73
Gómez Plata,Mango,60
Caldas,Cafeto,68
Jericó,Tamarindo,13
Murindó,Pino,80
Valdivia,Nance,42
El Carmen de Viboral,Páramo,54
Caldas,Tamarindo,1
San Rafael,Yarumo,66
Cocorná,Bambú,77
Dabeiba,Aromo,34
Dabeiba,Laurel,24
Nechí,Caucho,27
Cocorná,Papaya,41
La Unión,Arrayán,33
Uramita,Páramo,27
San Vicente,Guayacán,66
Caldas,Palo blanco,79
Sabaneta,Caucho,4
Yalí,Yarumo,89
San Roque,Cuerno de alce,18
Dabeiba,Tamarindo,93
Cisneros,Palma de cera,42
Santa Bárbara,Papaya,81
Caldas,Piñuela,2
La Ceja,Palma de cera,28
Bello,Aguacate,87
Itagüí,Laurel,56
Guarne,Guava,40
Puerto Nare,Cedro,22
Jardín,Tilo,22
Caldas,Tamarindo,97
Alejandría,Chagualo,86
Sonsón,Arrayán,86
Concepción,Yarumo,65
Yalí,Arrayán,60
Arboletes,Jacarandá,45
Carepa,Jacarandá,71
San Andrés de Cuerquía,Palma de cera,64
Toledo,Yarumo,10
Mutatá,Ficus,8
Vegachí,Laurel,17
Guarne,Chingalé,17
Yalí,Arrayán,10
Turbo,Palo de agua,10
Santo Domingo,Castaño,89
Zaragoza,Aromo,87
Girardota,Palo de agua,37
Turbo,Ceiba,4
Yolombó,Guamo,31
Medellín,Cilantro de monte,71
Arboletes,Jacarandá,1
Campamento,Jacarandá,27
Vigía del Fuerte,Almendro,67
La Estrella,Laurel,4
Remedios,Nogal,86
San Roque,Laurel,60
Necoclí,Palo de agua,41
La Unión,Almendro,32
San Jerónimo,Jacarandá,72
El Carmen de Viboral,Palma de cera,57
San Andrés de Cuerquía,Palo blanco,14
Envigado,Chorisia,29
Cocorná,Arrayán,29
Jardín,Palo de agua,10
San Andrés de Cuerquía,Jacarandá,36
Nariño,Cedro,27
Apartadó,Páramo,95
Vigía del Fuerte,Pital,47
San Carlos,Bambú,95
Cocorná,Aguacate,94
Vegachí,Mango,54
Guadalupe,Páramo,55
Zaragoza,Higuerilla,59
Jericó,Almendro,87
Sonsón,Eucalipto,19
Itagüí,Guacharaco,36
Barbosa,Pardillo,19
San Vicente,Papayo,62
Santo Domingo,Guayacán,32
Cisneros,Tilo,30
Necoclí,Papaya,57
La Estrella,Cascarillo,24
Dabeiba,Tamarindo,50
San Jerónimo,Eucalipto,77
Rionegro,Pardillo,91
La Unión,Mango,18
Guatapé,Papaya,55
Vigía del Fuerte,Pino,46
Zaragoza,Guacharaco,40
Santa Rosa de Osos,Mango,44
La Unión,Palo blanco,62
Zaragoza,Papayo,67
Cisneros,Almendro,66
Barbosa,Tamarindo,79
San Juan de Urabá,Tamarindo,90
Liborina,Palo de agua,21
San Juan de Urabá,Algarrobo,100
Yalí,Higuerón,17
Andes,Páramo,8
Valdivia,Laurel,79
Sonsón,Aromo,58
Anorí,Candelillo,13
Turbo,Yarumo,31
Nariño,Yarumo,68
Yarumal,Papaya,11
La Unión,Guayacán,74
Dabeiba,Castaño,11
Yarumal,Algarrobo,5
Arboletes,Higuerón,58
Donmatías,Jacarandá,14
Zaragoza,Higuerilla,70
El Bagre,Yarumo,44
Valdivia,Tamarindo,48
San Jerónimo,Caucho,90
Uramita,Chorisia,66
Jardín,Cilantro de monte,26
Abejorral,Almendro,80
Ituango,Higuerón,14
Belmira,Chingalé,2
Yalí,Guanábana,40
Remedios,Tamarindo,84
Valdivia,Candelillo,13
Nariño,Cedro,30
Santo Domingo,Castaño,25
